Audi AG&lt;ref name=artinc /&gt;	1932	Ingolstadt
Aston Martin Lagonda Limited	1913	Gaydon, Warwickshire
Bayerische Motoren Werke AG	1916	Munich, Bavaria
Bugatti	1909	Molsheim, Alsace
The Birmingham Small Arms Company Limited (BSA)	1861	Birmingham
Bentley Motors Limited	1919	Crewe, England
FCA US LLC	1925	Auburn Hills, Michigan, U.S.
Datsun	1931	Harris County, Texas|Harris County, Texas
DKW	1916	Bologna
Ferrari S.p.A.	1947	 Maranello
General Motors Company	1908	Detroit, Michigan
GM Holden Ltd	1856	Fairfield, Connecticut
Honda Motor Co., Ltd.	1946	Fairfield, Connecticut
	1992	Hearst Tower (New York City)|Hearst Tower&lt;br/&gt;Midtown Manhattan&lt;br /&gt;New York City
Jeep	1941	Croydon
Automobili Lamborghini S.p.A.{{Sfn|Volkswagen AG|2012|p=151}}	1963	Sant'Agata Bolognese
JSC AvtoVAZ Common	1966	Sant'Agata Bolognese
Land Rover	1948	Whitley, Coventry
Mazda Motor Corporation	1920	Microsoft Redmond Campus, Redmond, Washington
Nissan Motor Co., Ltd.	1933	Kyoto
Adam Opel AG	1862	Rüsselsheim, Hesse
REO Motor Car Company 	1905	Hollywood, California
Toyota Motor Corporation	1937	Chicago, Illinois
[[File:Volvo logo.svg|center|200px|Volvo logo]]	1927	Shinjuku, Tokyo
Volkswagen Aktiengesellschaft	1937	Wolfsburg
Alfa Romeo Automobiles S.p.A.	1910	 Turin
[[File:Chevypnglogo.png|200px]]	1911	Detroit, Michigan
Buick 	1899	Detroit
Hyundai Motor Company	1967	Seoul
Dodge	1900	Auburn Hills, Michigan
 Daimler AG	1998	Auburn Hills, Michigan
Fiat S.p.A.	1899	Washington, D.C.
Automobiles Citroën S.A.	1919	Saint-Ouen, Seine-Saint-Denis|Saint-Ouen&lt;ref&gt;&quot;http://www.humanite.fr/2006-10-28_Societe_Saint-Ouen-retrouve-son-fleuve-la-Seine Saint-Ouen retrouve son fleuve, la Seine.&quot; ''l'Humanité''. 28 October 2006. Retrieved on 3 February 2010. &quot;La mort lente des petites entreprises, la délocalisation des plus importantes ont transformé Saint-Ouen. Il ne reste en centre-ville que l’usine Citroën.&quot;&lt;/ref&gt;
Oldsmobile	1897	
Kawasaki Heavy Industries, Limited	1896	
Maserati S.p.A.	1914	 Modena
Cadillac 	1902	New York City, New York, United States
Gorky Automobile Plant&lt;br&gt;Го́рьковский автомоби́льный заво́д&lt;br&gt;([[doing business as|trading as]] GAZ)	1932	
Zaporizhia Automobile Building Plant	1923	Zaporizhia
TATRA TRUCKS A.S.	1850	Zaporizhia
[[Oakland County, Michigan|Oakland County]], [[Pontiac, Michigan]], [[United States]] ({{Start date|1926 (1908)}})	1926	Noale
Compagnie Générale des Établissements Michelin SCA	1889	Clermont-Ferrand
AC Cars Group Ltd.	1901	 Thames Ditton, Surrey
Jaguar Cars	1922	Whitley, Coventry
Hupp Motor Company	1909	Detroit, Michigan
Overland Automobile Company	1903	Detroit, Michigan
Winton Motor Carriage Company	1897	Cleveland, Ohio
White Motor Company	1900	Cleveland, Ohio
padding:3em;	1985	Rochester, Minnesota
Renault S.A.	1899	Boulogne-Billancourt
Alpine	1955	
Facel SA	1939	
Ligier	1968	Abrest
Simca	1934	New York City
SEAT, S.A.&lt;ref&gt;{{cite web|url=http://www.seat.com/com/generator/su/com/SEAT/site/legal-note/main.html |title=Legal note |publisher=SEAT.com |date= |accessdate=2010-09-25}}&lt;/ref&gt;	1950	
Borgward	1929	
Bristol Cars Limited	1945	Bristol
Lotus Cars Limited	1952	Hethel, Norfolk
The MG Car Company Limited	1924	Fornebu, Norway and Garrison, Michigan, United States|U.S.
Proton Holdings Berhad	1983	Pontedera
Iveco S.p.A.	1975	Pontedera
Eagle	1988	Auburn Hills, Michigan
American Motors Corporation	1954	Auburn Hills, Michigan
Packard	1899	Camden, New Jersey
AM General	1971	South Bend, Indiana, U.S.&lt;ref name=amgdirectory&gt;{{cite web| url=http://www.amgeneral.com/corporate/directory.php | title=AM General Corporate Directory | accessdate=5 September 2010 | archiveurl= http://web.archive.org/web/20100901064240/http://www.amgeneral.com/corporate/directory.php| archivedate= 1 September 2010 | deadurl= no}}&lt;/ref&gt;
Edsel	1957	Seattle|Seattle, Washington
Detroit Electric	1907	Detroit, Michigan
Studebaker Corporation	1852	One Astor Plaza&lt;br&gt;Manhattan, New York City, New York
General Motors UK Limited&lt;br /&gt;([[doing business as|trading as]] Vauxhall Motors)	1857	Luton, Bedfordshire, UK
TVR Automotive Limited	1947	Neuilly-sur-Seine
F.A.O. Schwarz	1862	Springfield, Massachusetts
	1935	Ōta, Tokyo 
 Mitsubishi Motors Corporation	1970	Delaware
Kia Motors Corporation	1944	Delaware
Mitsubishi Fuso Truck and Bus Corporation&lt;br&gt;&lt;span lang=&quot;ja&quot;&gt;三菱ふそうトラック・バス株式会社&lt;/span&gt;	1932	Irving, Texas|Irving, Texas
Morris Motors Limited	1912	Stockholm, Sweden
Curtiss-Wright Corporation	1929	
	1928	
Daihatsu Motor Co., Ltd.	1907	Irvine, California|Irvine, California
Maxwell Motor Company	1904	Toronto
Autobianchi	1955	Towson, Maryland|Towson, Maryland
Caterham Cars Ltd	1963	Crawley, Sussex
MG Rover Group 	2000	Crawley, Sussex
      <model>wikitext</model>
	1906	Harrogate, Yorkshire, 
Locomobile Company of America	1899	Harrogate, Yorkshire, 
Paige	1908	Harrogate, Yorkshire, 
Nash Motors	1916	Harrogate, Yorkshire, 
Pierce-Arrow	1901	Buffalo, New York
Plymouth	1928	
Mercury	1938	Dearborn, Michigan|Dearborn, Michigan
The Daimler Company Limited	1896	{{coord|40|44|36|N|73|59|36|W|type:landmark_region:US-NY|display=inline,title}}&lt;br /&gt;New York City
Henry Ford Company	1901	Sydney, New South Wales
Officine Meccaniche	1899	White Cross, Guiseley, West Yorkshire
Rover Company	1885	Luxembourg City
      <model>wikitext</model>
	1966	Hilversum
The British Motor Corporation Limited	1952	Hamburg
Kaiser Motors	1945	Willow Run
AAA	1902	1000 AAA Drive
Yes Yamaha	1887	Hamamatsu, Shizuoka Prefecture|Shizuoka
Franklin Automobile Company	1852	St. Louis, Missouri
AA plc	1905	 Halifax, West Yorkshire|Halifax |
GMC	1901	Detroit
The Austin Motor Company Limited	1905	Boston, Massachussets 
Hughes Aircraft Company	1932	Culver City, California|Culver City, El Segundo, California|El Segundo and Westchester, Los Angeles|Westchester
The Rover Group plc	1986	Belfast
British Motor Holdings Limited	1966	Belfast
Central Japan Railway Company&lt;br /&gt;東海旅客鉄道株式会社	1987	JR Central Towers &lt;br /&gt; 1-1-4 Meieki, Nakamura-ku, Nagoya, Aichi 450-6101
HRL Laboratories, LLC	1940	Malibu, California|Malibu, CA
Pyeonghwa Motors&lt;br /&gt;&lt;small&gt;''Pyeonghwa Jadongcha''&lt;br /&gt;평화자동차&lt;/small&gt;	1999	Seoul
SsangYong Motor Company	1954	Seoul
Renault Samsung Motors Co., Ltd.	1994	Seoul
GM Korea Company	2011	Bupyeong-gu, Incheon
Marmon Motor Car Company	1902	Dornbirn
Hudson Motor Car Company	1909	Dornbirn
Triumph Motor Company	1885	Dornbirn
American Locomotive Company	1901	Schenectady, New York
Crawford Automobile Company	|foundation       = 
	Hagerstown, Maryland
[[File:Volvo Cars logo.png|center|150px|Volvo Cars logo]]	1927	Madrid
The Riley Cycle Company Limited (1896–1912)&lt;br&gt;Riley (Coventry) Limited (1912–1950)&lt;br&gt;Riley Motors Limited (1950–1960)	1896	Portland, Oregon
Hindustan motor limited	1942	Bloomfield, Connecticut
Morgan Motor Company	1910	Malvern, Worcestershire|Malvern
	1891	
Kissel Motor Car Company  	1907	Boston, Massachusetts
Mitsubishi Motors North America, Inc. (MMNA) Manufacturing Division	1985	
Auto Union AG	1932	Uppsala, Sweden and Cupertino, California, United States|U.S.
Alliant Techsystems Inc.	1990	Irvine, California
 Hyundai Motor Group	2000	Irvine, California
Hyundai&lt;br /&gt;&lt;small&gt;{{lang|ko|현대}}&lt;/small&gt;&lt;br /&gt;&lt;small&gt;{{lang|ko|現代}}&lt;/small&gt;	1947	Mexico City
Marcos Engineering Ltd.	1959	Kenilworth
Microsoft Studios	2002	Kenilworth
Phoenix Venture Holdings Ltd	2000	Kenilworth
American Austin Car Company	1929	Hsinchu Science and Industrial Park
FCA Canada Inc	1925	Windsor, Ontario|Windsor, Ontario, Canada
Hispano-Suiza	1904	Charlotte, North Carolina&lt;br&gt;Dallas|Dallas, Texas
Pegaso	1946	
Puch AG	1889	Sydney
Rootes Group	1913	Coventry
Hillman Motor Car Company	1907	
 Magna International Inc.	1957	Brooklyn Center, Minnesota
Isuzu Motors Ltd.&lt;br&gt; Isuzu Jidōsha Kabushiki-Kaisha	1916	New York, New York
Nissan Motorsport Ltd. (Nismo)	1984	Tokyo
The Estée Lauder Companies Inc.	1946	Hamala, Bahrain|Hamala
LaSalle 	1927	
Westfield Sportscars Ltd	1982	Kingswinford|Dudley Road, Kingswinford
Leyland Motors Ltd	1896	Pontedera
Iran Khodro Industrial Group	1962	
United Services Automobile Association	1922	Rome
Allison Engine Company	| foundation       = 
	
Big O Tires	1962	Palm Beach Gardens, Florida
Suzuki Motor Corporation	1909	 Hamamatsu, Shizuoka Prefecture|Shizuoka
Austin Rover Group Limited	1982	Brussels
Kremenchutsky Avtomobilny Zavod&lt;br /&gt;''KrAZ'' or ''AvtoKrAZ''	1946	Kremenchuk
Geo	1989	Houston, Texas
Continental Motors, Inc.	1929	
Holden Special Vehicles	1988	Saint John, New Brunswick
Firestone Tire and Rubber Company (Bridgestone Americas, Inc.)	1908	Nashville, Tennessee
Saab Automobile AB	1945	Trollhättan
Noble Automotive Ltd.	| foundation = | founder = [[Lee Noble]] in [[Leeds]]
	Leicester | location_country = England| key_people = Peter Boutwood – managing director &lt;span style=&quot;font-variant:small-caps&quot;&gt;&lt;/span&gt;&lt;br /&gt;&lt;span style=&quot;font-variant:small-caps&quot;&gt;&lt;/span&gt;
BRP Inc.	1942	
	1905	St. Louis, Missouri
Jensen Motors, Ltd	1934	Athens
Talbot	1903	41 rue Martre, 92110 Clichy, Hauts-de-Seine|Clichy
	1947	Rho, Lombardy|Rho
Société Anonyme Minerva Motors	1900	
K-R-I-T Motor Car Company	1909	Detroit, Michigan
Richard-Brasier	|foundation    = 190x
	Medford, Oregon 
Brasier	1905	Ivry-sur-Seine|Ivry, France (factory)
Merkur	1985	Duncansville, Pennsylvania|Duncansville,&lt;ref&gt;{{cite news|agency=Associated Press|url=http://news.google.com/newspapers?id=pwdlAAAAIBAJ&amp;sjid=53cNAAAAIBAJ&amp;pg=5171,3238155&amp;dq=hoss%27s+steak+and+sea+house+duncansville&amp;hl=en|title=Steer sold for $17,000 at state Farm Show|date=1994-01-14|publisher=''Observer–Reporter''|accessdate=2013-02-04}}&lt;/ref&gt; Pennsylvania
NUMMI	1984	
Unic	1905	Puteaux, France 
Stanley Motor Carriage Company	1902	Duke Street, Glasgow, G31 1JD|Duke Street, Glasgow
Muntz Car Company	1951	Glendale, California|Glendale, California 
Du Pont Motor Company	1919	Wilmington, DE 1919 - 1923&lt;br&gt;Moore, PA 1923 - 1932
Crossley Motors	1906	Marin-Epagnier
Alvis Car and Engineering Company Ltd	1919	Coventry
Ford Motor Company of New Zealand Limited	1936	&lt;!--modifies &quot;Headquarters&quot; entry--&gt;
State Farm Insurance	1922	Bloomington, Illinois
McLaren Technology Group Limited	1985	Tewksbury, Massachusetts
The Dayton Motor Car Company	1905	Dayton, Ohio
      <model>wikitext</model>
	1992	Vienna
Abbott-Detroit Motor Car Company	1909	Woburn, Massachusetts
ABC	1905	Woburn, Massachusetts
Arthur-Boynton Company	1922	Woburn, Massachusetts
Able	1917	Woburn, Massachusetts
Apex Motor Car Co.; Apex Motor Corp.	1920	Ypsilanti, Michigan
Acme Motor Car Company	1892	Ypsilanti, Michigan
Aerocar	1905	Ypsilanti, Michigan
Peterbilt Motors Company	1939	Ypsilanti, Michigan
Airway	1949	Ypsilanti, Michigan
Ajax	1921	Ypsilanti, Michigan
Aland	1916	Wolverhampton
Amilcar	1921	Brisbane
Mercedes-AMG GmbH	1967	Affalterbach
ANADOL	1966	Istanbul
Clément-Bayard	1903	Istanbul
Aquila Italiana	1906	Madrid
Ardsley Motor Car Company	1905	Madrid
Austro-Daimler AG	1899	Wiener Neustadt
Ballot	1905	East Setauket, New York
S.P.A.&lt;br&gt;Società Piemontese Automobili	1906	
Tata Motors Limited	1945	
Brabus	1977	Toronto, Ontario
Duesenberg Automobile &amp; Motors Company, Inc.	1913	Auburn, Indiana|Auburn, Indiana
SAIC Motor Corporation Limited	2011	Shanghai
'''Zhejiang Geely Holding Group Co., Ltd'''	1986	Shanghai
Shanghai General Motors Company Ltd	1997	Shanghai
Jiangling Motors Corporation Limited	1952	Nanchang
Changan Ford Mazda Automobile Co., Ltd.	2001	Chongqing
Automobiles M. Berliet	1899	Vénissieux, France
Rickenbacker Motor Company	1921	Lincolnshire, Illinois
Wanderer	1896	Budapest
MAGNA STEYR AG &amp; Co KG	2001	Graz
Daewoo Motors	1937	Bupyeong-gu, Incheon
Flexcar	2000	Launceston, Tasmania
Ashok Leyland Limited	1948	 Cleveland, Ohio (HQ 1993 to dissolution)&lt;br /&gt;Dallas, Texas (Founded)
Auburn Automobile Company	|foundation       = Auburn, Indiana
	Auburn, Indiana
ABC Motors	1912	Fredericia
Checker Motors Corporation	1922	London
Laurin &amp; Klement|	1895	Chattanooga, Tennessee|Chattanooga, Tennessee
Detroit Diesel Corporation	1938	Detroit, Michigan
Global Electric Motorcars	|foundation       =
	 Fargo, North Dakota
Getrag	1935	Untergruppenbach
Maruti Suzuki India Limited	1981	Kronberg im Taunus
Aerocar International	|foundation    =
	Helsinki
Prince Motors, Ltd.&lt;ref name=&quot;katsuragi&quot;&gt;KATSURAGI, Yoji &quot;The Beam of the Light of the Prince Motor Company&quot; Grand Prix Book Publishing Co., Ltd., October 22, 2003 (Japanese) ISBN 4-87687-251-1&lt;/ref&gt;	1947	Lod
Asuna	1993	New York City, New York
Aixam-Mega	1983	Aix-les-Bains, Savoie
De Dion–Bouton	1883	
Chrysler Europe	1967	Paris, France
Singer Motors Limited	1875	Coventry 
Humber	1868	Coventry 
	1905	Coventry 
LDV Group Limited	1993	Washwood Heath, Birmingham, West Midlands (county)|West Midlands, England
OnStar Corporation	1995	Detroit, Michigan
Pan Asia Technical Automotive Center Co. Ltd	1997	Pudong, Shanghai
Proto Motors &lt;br&gt; {{small|프로토자동차}}	1997	New Hartford, Connecticut
VM Motori S.p.A.	1947	Rydalmere, New South Wales|Rydalmere, NSW
Offenhauser	1934	
ARO S.A.	1957	  Seoul
 International Speedway Corporation|	1953	Pistoia
Speedway Motorsports|	1994	Pistoia
Peugeot S.A.	1976	Paris
Bellasi srl	1966	Brussels
Cisitalia	1946	
Prodrive	1984	Quincy, Massachusetts
Carpenter Industries, Inc.	1919	Mitchell, Indiana (1919-1995) &lt;br /&gt; Richmond, Indiana (1995-2001)
Pars Khodro	1967	Mitchell, Indiana (1919-1995) &lt;br /&gt; Richmond, Indiana (1995-2001)
      <model>wikitext</model>
	1966	Mitchell, Indiana (1919-1995) &lt;br /&gt; Richmond, Indiana (1995-2001)
Asia Motors Industries Co., Ltd.	1965	
	1895	
Jordan Motor Car Company	1916	Cleveland, Ohio
Subaru Tecnica International	1988	Mitaka, Tokyo
Iso Autoveicoli S.p.A.	1953	Portland, Oregon
Yulon Motor&lt;br&gt;裕隆汽車	1953	Charlottesville, Virginia
Johnson Control, Inc.	1885	
奇瑞汽车股份有fast growing developing限公司	1997	Melbourne
Isotta Fraschini	1900	Milan
Dorris Motor Car Company	1906	St. Louis, Missouri 
Bizzarrini S.p.A.	1964	Quincy, Massachusetts
	1971	
Peerless Motor Company	1900	Cleveland, Ohio
Kaiser Jeep	1953	New Haven, Connecticut
Durant Motors	1921	Athens
China Motor Corporation&lt;br&gt;中華汽車工業股份有限公司	1969	Mondragón
Fabryka Samochodów Osobowych	1951	Warsaw, Poland
CAMI Automotive	1986	Malmö
HuaChen Group Auto Holding Co., Ltd.	| foundation       =
	Shenyang, Liaoning
BYD Auto Co., Ltd.&lt;br /&gt;比亚迪汽车	2003	Shenzhen, Guangdong Province|Guangdong
Fornasari	1999	200 5th Ave, New York, NY 10010
Isdera	1969	Hildesheim
Oakland	1907	Pontiac, Michigan
[[File:Saleen Logo.jpg|250px]]	1983	Corona, California
Ukrainian Automobile Corporation JSC	1969	Kiev
GM-AVTOVAZ 	2001	Shinjuku, Tokyo
ROMAN S.A.	| foundation = 
	Shinjuku, Tokyo
AMAG Automobil- und Motoren AG |	1945	Philadelphia, Pennsylvania
The Lanchester Motor Company Limited	1899	(to 1930) Armourer Mills Birmingham
Evinrude |	1907	Kent, Washington
Delhi Transport Corporation	1948	Delhi
Visteon Corporation	2000	Amsterdam
Jiangxi Changhe Automobile Co Ltd	1970	Salisbury, North Carolina
Wolseley Motors	1901	Fort Collins, Colorado
TAG Group (Holdings) S.A.	1977	Luxembourg City
Monteverdi	1967	Auckland
Thielert AG	| foundation       = 
	Hamburg
Girardin Minibus	1935	 3000 Girardin&lt;br /&gt;Drummondville, Quebec J2E 0A1      
Ford Motor Company Philippines	1929	Santa Rosa City, Laguna (province)|Laguna
Venturi Automobiles	1984	 Fontvieille, Monaco
Bufori Motor Car Company	1986	Kepong, Kuala Lumpur
Wiesmann GmbH	1988	Philadelphia, Pennsylvania|Philadelphia, Pennsylvania
Bugatti Automobiles S.A.S.	1998	Molsheim
Eicher Motors Limited 	1948	Bangalore, Karnataka 
Ford Performance Vehicles	2002	Steenhuffel
Cycle and Carriage	1899	Beijing
Cycle and Carriage	1899	Beijing
Baker Motor Vehicle Company	1899	
Eisenhuth Horseless Vehicle Company	|foundation       = 
	New York City
Covert Motor Vehicle Company	1901	Rochester, New York 
Elmore Manufacturing Company	1893	Initially in Elmore, Ohio and then Clyde, Ohio
Grout Brothers	1899	Orange, Massachusetts 
Knox Automobile Company	1900	Orange, Massachusetts 
Northern Automobile Company	|foundation = 
	Detroit, Michigan, 
|company_name
	1893	Waltham, Massachusetts
Royal Motor Company	1904	Cleveland, Ohio
St. Louis Motor Carriage Company	1898	St. Louis, Missouri and later Peoria, Illinois
F. B. Stearns Company	1898	Cleveland, Ohio 
Kirk Manufacturing Company 	|foundation       = 
	Toledo, Ohio
Charoen Pokphand Group&lt;br /&gt;เครือเจริญโภคภัณฑ์	1999	Oklahoma City
STILLEN	1986	Costa Mesa, California
Electro-Motive Diesel, Inc.	1922	La Grange, Illinois{{#tag:ref|The plant and headquarters commonly referred to as being in &quot;La Grange, Illinois&quot; are actually within the Chicago suburb McCook, Illinois, but uses a postal address of La Grange.&lt;ref name=&quot;lamc&quot;/&gt;|group=&quot;note&quot;|name=&quot;mccook&quot;}}
Ford Motor Credit Company	1959	Bank of America Center (Los Angeles)|Bank of America Center&lt;br&gt;Los Angeles, California
Toyota Peugeot Citroën Automobile Czech	2002	Kolín
KR Motors Co. Ltd.|	1978	Sheffield
Lister Motor Company Ltd	1954	Cambridge
Ruf Automobile GmbH	1939	Gdańsk
Renntech|	1989	
Mitsubishi Motors Australia Limited	1980	Seoul, South Korea
[[File:A logo for the Elva manufacturer of racing prototypes.gif|125px| Elva racing car manufacturer logo.]]	1955	Bexhill, Sussex
Belsize Motors	1897	Woodbury, Nassau County, New York|Woodbury, New York
Albion Motors	1899	Glasgow
Dainese SpA|	1972	Vicenza|
Vector Motors Corporation |	1971	Syracuse, New York
Crouch Cars Ltd.	1912	Coventry
Scammell Ltd	1896	Rancho Cucamonga, California
Horch AG	1904	Luton, Bedfordshire
Harbin HF Automobile Industry Group Co Ltd&lt;br/&gt; 哈飞汽车	1950	Harbin
Nanjing Automobile (Group) Corporation &lt;br&gt;南京汽车集团有限公司 or 南京汽車集團有限公司	1947	Nanjing
Itala	1904	Leicester
Lozier Motor Company	1900	Detroit, Michigan
Toyota Motor Manufacturing Texas, Inc	2003	San Antonio, Texas
Icahn Enterprises L.P.	| foundation       = &lt;!-- City, Country ({{Start date|YYYY|MM|DD}}) --&gt;
	New York 
Hino Motors, Ltd.&lt;br /&gt;日野自動車株式会社	1942	Hangzhou
Landwind &lt;br/&gt; 陆风汽车	2004	Nanchang City, Jiangxi province
Collier Motors	1955	
Alpina Burkard Bovensiepen GmbH	1965	El Segundo, California
Samsung	1938	El Segundo, California
Lutsky Avtomobilnny Zavod - LuAZ	1955	Lutsk
Nissan Motor Manufacturing (UK) Ltd.	1984	Sunderland, Tyne and Wear
JAWA Moto	1929	Týnec nad Sázavou
Gilbern Sports Cars (Components) Ltd	1959	Haifa
Kinetic Honda	1984	
Cherry Corporation	1950	 Auerbach in der Oberpfalz|Auerbach i. d. Oberpf.
Ginetta Cars Limited	1958	Leeds, West Yorkshire
Bedford Vehicles	1930	Luton
Hero Motocorp Ltd	1982	
Ford Motor Company of Canada	1904	Oakville, Ontario
Premier Motor Manufacturing Company	1903	Indianapolis, Indiana
William Beardmore and Company, Ltd.	1887	Indianapolis, Indiana
VDL Nedcar B.V.	1967	Morris County, New Jersey
Ralliart Inc.	1984	London
DeSoto	1928	Milpitas, CA
Norddeutsche Automobil und Motoren GmbH	1908	Hobart, Tasmania 
Goliath-Werke Borgward &amp; Co.	1928	Bremen (city)|Bremen
Hansa-Lloyd	1905	
Spyker Cars	1999	 Zeewolde
Hartge |	1971	Bethesda, Maryland|Bethesda, Maryland
General Motors of Canada Limited	1918	Oshawa, Ontario
Lloyd Cars Ltd	1936	 Tirat Carmel, Israel&lt;br&gt; Dallas, USA|
Utilimaster Corporation	1973	Bristol, IN
Denso Corporation	1949	
Dongfeng Motor Company Limited	2003	Wuhan, Hubei
Dongfeng Honda Automobile Co., Ltd.	2003	Wuhan, Hubei
Dongfeng Yueda Kia Motor Co., Ltd. 	2002	Yancheng, Jiangsu
Dongfeng Peugeot-Citroën Automobile Limited	1992	Wuhan, Hubei
Kawasaki Motors Philippines Corporation	1974	 Santa Cruz, California
Turner badge - Flickr - exfordy.jpg	1951	Wolverhampton
Ford Otosan	1959	Wolverhampton
Ford-Vairogs	1936	London
Chang'an Automobile (Group) Co., Ltd. &lt;br/&gt; 重庆长安汽车股份有限公司	1862	Chongqing
Changan Suzuki Automobile Co., Ltd.	1993	Chongqing
Bogdan Corporation	2005	Cherkasy
HQM Sachsenring GmbH|	1957	Washington County, Oregon&lt;br/&gt;United States&lt;br&gt;{{coord|45.51535|-122.7961|type:landmark_source:googlemaps_region:US-OR|display=inline,title}} &lt;!-- geocoded street address --&gt;
Jinbei 	| foundation       =
	
Dadi Automobile Group Co., Ltd.	| foundation       =
	Baoding, Hebei
Thai Rung Union Car Public Co., Ltd	1967	Baoding, Hebei
Ascari Cars Ltd.	1995	Banbury, Oxfordshire
Dragon Automobile Company	1906	Detroit, Michigan and Philadelphia, Pennsylvania
Confederate Motors, Inc.	1991	 Birmingham, Alabama
	1947	Indianapolis, Indiana
South East (Fujian) Motor Co., Ltd.&lt;br&gt;([[doing business as|trading as]] Soueast)	1995	
 Great Wall Motors Company Limited&lt;br /&gt; 长城汽车 or 長城汽車	1984	 Baoding, Hebei
Mitsuoka Motor Co., Ltd.	1968	 Baoding, Hebei
Ford of Britain	1909	&lt;!--modifies &quot;Headquarters&quot; entry--&gt;
Ariel Motor Company Ltd	2001	Crewkerne, Somerset
FAW Group Corporation	1953	Changchun
Industrias Kaiser Argentina	1956	Sheffield
Toyota Canada Inc. (TCI)	1964	Toronto, Ontario
Tofaş Türk Otomobil Fabrikası A.Ş	1968	
Sparco S.p.A	1977	Settimo Torinese, Turin
Radical Sportscars Limited	1997	Peterborough
Irmscher Iberia S.A.&lt;ref&gt;http://www.irmscher.de/?ibox=impressum&lt;/ref&gt;	1968	Pedrola
Voxan 	1995	Fontvieille, Monaco|Fontvieille, Monaco
Bowler Offroad	1985	 San Jose, CA  |
Fremont Assembly	1962	Newton, Massachusetts|Newton, Massachusetts&lt;ref name=&quot;About&quot;&gt;{{cite web|url=http://www.tripadvisor.com/PressCenter-c6-About_Us.html|title=About TripAdvisor|publisher=TripAdvisor.com|accessdate=Dec 31, 2014}}&lt;/ref&gt;
Steinmetz GmbH	1993	Simonside, South Shields
Elfin Sports Cars Pty Ltd	1957	Simonside, South Shields
[[File:SGMW logo.jpg|170px]]	2002	Liuzhou, Guangxi, China
[[File:Karsan Logo.png|center|150px|Karsan]]	1966	 Denver, Colorado|CO
Mazda North American Operations	1970	São Paulo
Jung-A Hydraulic Co., Ltd.	1994	Hwaseong, Gyeonggi
Rays Engineering	1973	Kansas City, Missouri
Shanghai Maple Guorun Automobile Co., Ltd.&lt;br&gt;上海華普汽車	2000	Fengjing, Shanghai
Tata Daewoo Commercial Vehicle Company	2002	Gunsan, South Korea
'''Minsk Automobile Plant''' 	1944	Minsk
Pope Manufacturing Company	1876	Hartford, Connecticut 
Columbia	1899	Hartford, Connecticut 
Aptera Motors, Inc.	2005	Dortmund, Germany
Beijing Benz Automotive Co., Ltd.	1984	Beijing
Sanyang Motor Co., Ltd.	1986	Hsinchu
Abt Sportsline	1896	Nairobi
Street &amp; Racing Technology (SRT) 	| foundation       = &lt;!-- City, State --&gt; [[Michigan]], U.S.
	Detroit, Michigan, United States
[[File:Sollers logo.gif|frameless]]	2002	Montreal, Quebec
Zagross Khodro	1996	Hamilton, Ontario
Hebei Zhongxing Automobile Co Ltd	1999	Baoding
ALTA (ΆΛΤΑ)	1962	Bolton
BWE	2000	13 Knowsley St,Barnsley, South Yorkshire
NAMCO	1972	Wooldale, Holmfirth
''Nasr''	1960	Montreal, Quebec
General Motors Europe 	1986	Glendale, California
	1967	 Lampeter Wales
Spoon Sports Co., Ltd. 	1988	
Shandong HIPO Group Co., Ltd.&lt;br&gt;([[doing business as|trading as]] Heibao)	| foundation       =
	Weihai
Citycell (Pacific Bangladesh Telecom Limited)	1989	County Louth
Avions Voisin	1905	County Louth
Graham-Paige	1927	Evansville, IN
King Long United Automotive Industry Co., Ltd &lt;br/&gt; 厦门金龙联合汽车工业有限公司	1988	Xiamen, Fujian
GTM Cars Ltd.	1967	Kingswinford|Dudley Road, Kingswinford
Opel Performance Center	1997	São Bernardo do Campo
Plastech Engineered Products |	1988	
Crompton Greaves Ltd.	1878	Mumbai
Brammo, Inc.	2002	Talent, Oregon|Talent, Oregon
O.S.C.A.	1947	Winston-Salem, North Carolina
IDRO Group	1967	Ontario |  location_country = Canada |
Volkswagen Group of America, Inc.	1955	Elyria, Ohio
Force Motors Limited	1958	
Kleemann	1985	
Performance Racing Network|	1991	Suresnes
Van Diemen International, Ltd.	1973	Snetterton, Norfolk
Victory Auto Wreckers |	1940	Rottenmann
GM Certified Service	2011	Detroit, Michigan
Anadolu Isuzu Otomotiv Sanayi ve Ticaret A.Ş.	1984	
Construzione Automobili Intermeccanica	1959	Eton, Berkshire
Rochester Products Division	1939	Rochester, New York
Rolls-Royce Motor Cars Limited	1998	Goodwood, England
Rolls-Royce Motors	1973	
Rolls-Royce 	1906	Derby, England
Automotive Components Holdings, LLC 	2005	Dearborn, Michigan|Dearborn, Michigan
CARLSSON AUTOTECHNIK GMBH |	1989	
Fiat Automobili Srbija	2008	Kragujevac
Tesla Motors, Inc.	2003	Bedford
BMC Otomotiv ve Savunma Sanayi A.Ş.	1964	Wichita, Kansas |
General Motors Diesel Division 	 | foundation       =
	 Detroit, Michigan&lt;br&gt;London, Ontario&lt;br&gt;Saint-Eustache, Quebec
Van Wagoner	1899	Syracuse, New York
C. H. Blomstrom Motor Company	1904	Detroit, Michigan 
Cartercar	1905	Jackson, Michigan and later Pontiac, Michigan
Coey-Mitchell Automobile Company	1913	Chicago, Illinois 
Cognet de Seynes (1912-1919)&lt;br&gt;C de S (1919-1926)	1912	Route de Heyrieux, Lyon
Buckmobile Company	1903	Utica, New York 
Moon Motor Car Company	1905	St. Louis, Missouri
Gemballa |	1981	Cambridge, Ohio|Cambridge, Ohio (U.S. state)|Ohio |
PPI Automotive Design GmbH	2004	
Toyota Motor Manufacturing Indiana |	1996	Herzliya
Modiran Vehicle Manufacturing Company	|foundation=
	Wayne, New Jersey
Arrington Performance&lt;br&gt;Race Engines Plus&lt;br&gt;ShopHemi	2000	Martinsville, Virginia|Martinsville, Virginia&lt;br&gt;Concord, North Carolina|Concord, North Carolina
Avcon Corporation|	  foundation     =  |
	Boston
Jo-Ann Stores Inc. |	1943	Portland, Oregon
GM Powertrain Torino	2005	Turin
American Motor Car Company	1906	TalentZoo|homepage = http://www.talentzoo.com|founded = 1996|industry = Advertising, Marketing, Public Relations, Digital Media, Social Media|location_city = Atlanta|logo = TZweblogo.png}}
Samsung Fire &amp; Marine Insurance	1952	 Karachi
Micro Cars (Pvt) Ltd.	1995	Peliyagoda
General Motors - Colombiana de Motores S.A.	1956	Bogota D.C.
Arab American Vehicles	|foundation = 
	Cairo
Chinkara Motors	| foundation       =
	Mumbai, Maharashtra
Diar Motors	2000	Golpayegan, Esfahan Province
Bahman Group	1952	Golpayegan, Esfahan Province
Fabryka Samochodów Ciężarowych	1950	Lublin
Regal Beloit Corporation	1955	Beloit, Wisconsin
Vickers Limited	1828	Los Angeles, California
Callaway Cars Incorporated	1977	Old Lyme, Connecticut
TOM'S Co., Ltd	1974	Setagaya, Tokyo
Diatto	1905	Campinas
Ford-Werke GmbH	1925	Niehl (Köln)|Niehl, Cologne, North Rhine-Westphalia
 IDA-OPEL Kikinda	1977	Kufstein
Mercer Automobile Company	1909	New Britain, Connecticut 
Toyota Motor Corporation Australia	1958	Belgrade
Galpin Auto Sports	1946	Van Nuys
Oyak Renault Otomobil Fabrikaları A.Ş.	1969	Van Nuys
Mitsubishi Motors North America	1981	Parsippany, New Jersey&lt;br&gt;Indianapolis, Indiana
Grupo Tampico S.A. de C.V.	1912	Tacoma, Washington
Chenard &amp; Walcker&lt;br&gt;Chenard-Walcker	1899	Asnières-sur-Seine, France (1899 - 1908)&lt;br&gt;Gennevilliers, France (1908 - 19__)
BCA 	1946	Farnham
 Dover Corporation	1925	 Downers Grove, Illinois
SIATA	1926	Hyderabad, India|Hyderabad
Butterosi	1919	Boulogne-sur-Seine, Paris
Rovin	1921	Paris
Meineke Car Care Centers, Inc.	1972	   Torrile, Parma
Perella Weinberg Partners |	2006	
Roewe	2006	Shanghai
breyton design GmbH |	1982	
MK-Motorsport Krankenberg GmbH |	1978	
Ghandhara Industries	1963	
Ghani Automobile Industries Limited  |	 foundation =  |
	
Arta Industrial Group &lt;br&gt;&lt;small&gt;{{unicode| ''گروه صنعتي آرتا'' }}&lt;/small&gt;	1975	Damascus
Detroit Automobile Company	1899	Fulton County, Georgia|Fulton County, Georgia (U.S. state)|Georgia
DDR Motorsport Miami Inc.	2001	Auckland
GAC Changfeng Motor Co., Ltd.	1950	Changsha, Hunan 
Indus Motor Company |	1990	Likino-Dulyovo, Russia
Holden New Zealand	1926	Ellerslie, New Zealand|Ellerslie
Rapid Motor Vehicle Company	1902	Pontiac, Michigan 
General Motors Financial Company	1992	Dortmund
Rochet-Schneider	1894	Lyon
Chevrolet Europe GmbH	2005	Zurich, Switzerland
GMAC ResCap, Inc.	2005	Kent, Connecticut
Standard Motor Products of India Limited	1948	
Tommykaira&lt;br&gt;&lt;small&gt;Tomita Yume Hanbai	1968	Luxembourg (city)|Luxembourg
DAF Trucks NV	1987	
DRB-HICOM Defence Technologies	1996	Shah Alam
Phoenix Motorcars&lt;ref&gt;{{cite web|url=http://www.futurecars.com/reviews/phoenix-motorcars-sut.html |title=Phoenix Motorcars SUT |publisher=Futurecars.com |date=2012-12-07 |accessdate=2013-05-03}}&lt;/ref&gt;	2002	Kota Kinabalu
Buchet	1888	Factory:&lt;br&gt;Ivry-sur-Seine|Ivry, France ''(1888 - 1919)''&lt;br&gt; 73 Rue de Sèvres, Billancourt, France ''(1919-1930)''&lt;br&gt;&lt;br&gt;Paris showroom&lt;br&gt;68 Avenue de la Grande Armée, 16th arrondissement of Paris|Paris
Mitsubishi Motors Philippines	1963	Luxemburg, LU |
Mitsubishi Motors (Thailand)	1987	Luxemburg, LU |
Bandini Automobili	1946	Forlì
Moretti	1925	Seoul
Speedwell	1907	Alessandria, Piedmont
NASCAR Mexico|	2005	Alessandria, Piedmont
Mahindra &amp; Mahindra Limited	1945	Calgary, Alberta
Hurst Performance, Inc.	1958	Santa Monica, California
Mahindra Group	1945	Karlsruhe
 Penske Automotive Group, Inc.	1990	Zurich
British Salmson	1929	Moscow
Twentieth Century Motor Car Corporation	1974	 Tokyo
The Woodbridge Group - Woodbridge Foam Corporation	1978	Medellín
Haynes Automobile Company	1905	Kokomo, Indiana|Kokomo, Howard County, Indiana
Aircraft Products	1947	Wichita, Kansas 
Ford of Europe AG	1967	Cologne 
M-Sport	1979	Amsterdam
Lambert Automobile Company	1905	Anderson, Indiana
Edran	1984	
Zimmer Motorcars Corporation	1978	Corporate offices in Syracuse, New York &lt;br&gt; Manufacturing in Cambridge, Maryland and Syracuse, New York
Trust Co. Ltd.	1977	Chiba
BBS Kraftfahrzeugtechnik AG	1970	Chiba
Toyota Motor Manufacturing (UK) Ltd.	1989	Burnaston, Derbyshire
SG Automotive Group Co., Ltd.	| foundation = 
	Los Angeles, California|CA 
Otokar Otomotiv ve Savunma Sanayi A.Ş.	1963	New York City, New York|
Elan Motorsport Technologies	1997	Kelowna, British Columbia
ASA Aluminium Body	1969	Don Torcuato, provincia de Buenos Aires
Automobiles Cottin &amp; Desgouttes	1906	Lyon
RE Amemiya	1974	Chiba, Chiba|Chiba
Alpinestars	1963	Asolo, Veneto
Moline Automobile Company	1904	Moline, Illinois|Moline, Rock Island County, Illinois
Lithia Motors, Inc.	1946	Fort Worth, Texas|Fort Worth, Texas
Toyota Kirloskar Motor Pvt Ltd |	1997	Paris
Detroit Auto Vehicle Company	1904	Littleton, Colorado |
Biltema	1963	Cardiff
Dolson Automobile Company	1904	Charlotte, Michigan
Fiat Professional S.p.A.	2007	Turin
Hackett Motor Car Co.	1917	Jackson, Michigan, Grand Rapids, Michigan
Harrison Motor Car Company	1905	Grand Rapids, Michigan
Chrysler	1925	Auburn Hills, Michigan
      <model>wikitext</model>
	1987	New York, New York, United States
Toyota Motor Manufacturing Mississippi	2011	Blue Springs, Mississippi
Little Motor Car Company	1994	
Genuine Scooter Company.	2002	
	1997	Nanterre
Ideal Jawa (India) Ltd.	1960	 Hillsborough, North Carolina
Monarch Automobile Company	1913	Aurora, Illinois 
Super Speeds Pvt. Ltd.	1979	Coimbatore, Tamil Nadu
Beiqi Foton Motor Co., Ltd.	1996	Changping District|Changping, Beijing
Hoosier Racing Tire	1958	Hong Kong
General Motors do Brasil Ltda.&lt;ref name=&quot;Ebr&quot;&gt;{{cite web |url=http://exame.abril.com.br/negocios/melhores-e-maiores/empresas/ficha/gm/2012 |title=Ficha General Motors|trans_title=General Motors data sheet |language=Portuguese |work=exame.abril.com |publisher=[[Exame (magazine)|Exame]] |accessdate=8 November 2013 |archivedate=20 September 2013 |archiveurl=https://web.archive.org/web/20130920190105/http://exame.abril.com.br/negocios/melhores-e-maiores/empresas/ficha/gm/2012 |deadurl=no}}&lt;/ref&gt;	1925	São Caetano do Sul
Caparo Vehicle Technologies	2006	Petaling Jaya
SARD Corporation	1985	Higashimachi, Toyota, Aichi
Ajax Motors Co.	|foundation    =  
	Moncton, New Brunswick
Albany Automobile Company	1907	Moncton, New Brunswick
[[Image:Litocar logo.png]]	1993	Amsterdam
Albaugh-Dover Co. (Aldo)	1910	Hillsboro, Oregon
All-Steel Motor Car Co.	1915	San Francisco
StarRotor Corporation|	2001	Bryan, Texas |
DIARDI&lt;br&gt;Çenberci Group	1987	Rosh HaAyin
Wheel Horse Company	1947	Barcelona
Honda Cars India Ltd	1995	Geneva
Pak Suzuki Motors	1983	New York
Ford Racing	1901	
Neue Automobil-Gesellschaft AG	1901	Manchester
Guangzhou Automobile Group Co., Ltd.	1997	Guangzhou, Guangdong
Monro Muffler Brake, Inc.	1957	
Automobile Craiova S.A.	1991	Stockholm
ENVI	2007	Auburn Hills, Michigan
Hamann Motorsport GmbH	1986	
G-Power GmbH |	1983	Phoenix, Arizona&lt;ref&gt;http://www.startlogic.com/aboutus.html About Us from StartLogic.com&lt;/ref&gt;
RM Auctions	1991	
Alliance of Automobile Manufacturers	1999	Washington, D.C.
Babcock Electric Carriage Company	1906	Buffalo, New York
Scripps-Booth	1913	Detroit, Michigan
Arabian Motors Group W.L.L. |	| foundation     = [[Kuwait]]|
	San Diego
Penske Motor Group	1994	Monterrey, Nuevo Leon
Austin Automobile Company	1901	Grand Rapids, Michigan 
Mygale Racing Car Constructor	1989	Magny-Cours
Mitsubishi Motors Europe B.V.	2002	Warsaw
MillenWorks (Textron)	1980	
Egon Brütsch Fahrzeugbau	1950	Watford 
Santana Motor, S.A.	1956	Linares
Brookmeade Stable	1924	Encino, Los Angeles|Encino, California
Nacional Pescara	1929	Dubai
Matheson Motor Car Company	1905	Grand Rapids, Michigan
Monaco Coach Corporation 	1968	Bristol
Edelsbrunner Automobile München|	  foundation       = |
	 Munich |
Corbin Motor Vehicle Corporation	1904	New Britain, Connecticut 
Allied Cab Manufacturing Co.	1932	Pekin, Illinois
Crow Motor Car Company  	1909	Pottsville, Pennsylvania
 SA des Automobiles Tracta	1926	Versailles (city)|Versailles initially&lt;br&gt;Asnières-sur-Seine|Asnières subsequently
Tata Hispano Motors Carrocera, S.A.	1939	Kassel
Bollack, Netter, et Cie (B.N.C.)	1923	
AFS Trinity Power Corp, Inc.	1991	 Darwin
York Motor Car Company	1905	York, Pennsylvania
	1989	
HIGER BUS Company Limited	1998	Suzhou
Vidal &amp; Sohn Tempo-Werke GmbH	1924	Guangzhou, Guangdong
Novitec Rosso|	1900	Image:Flag of Algeria.svg|25px Algiers
SIDI SpA|	1960	 Maser (TV)|Maser|
Mahindra Reva Electric Vehicles Private Limited	1994	Port Talbot
Ross Automobile Co.	| foundation       =  
	Detroit, Michigan
	1906	 St. Louis, Missouri
Hondata, Inc. |	1999	Torrance, California|Torrance, California |
Bell Motor Cars Company	1915	 Northamptonshire |
Cole Motor Car Company	1909	Norwich (city), New York|Norwich, New York
Storero Fabbrica Automobili	1912	Menomonee Falls, Wisconsin
	1890	Nagoya, Aichi Prefecture|Aichi
HRG Engineering Company	1936	
Whelen Engineering Company, Inc.	 | foundation       =
	Chester, Connecticut
Intermark Automotive	1977	Littleton, Massachusetts
Mikuni Corporation&lt;br&gt;&lt;small&gt;''Kabushiki-gaisha Mikuni''&lt;br&gt;株式会社ミクニ&lt;/small&gt;	1923	
Denway Motors Limited &lt;br /&gt; 駿威汽車有限公司	1992	Bloomington, Minnesota
BYD Co Ltd &lt;br /&gt; 比亚迪股份有限公司	1995	Shenzhen, Guangdong
[[Image:pgobanner.jpg|center|120px]]	1964	Sydney
Shanghai Volkswagen Automotive Co., Ltd.	1984	
FAW-Volkswagen Automobile Co., Ltd.	1991	Changchun, Jilin, China
Besturn	2006	Changchun
Hongqi ,	1958	Changchun
TechArt Automobildesign GmbH	1987	Barcelona
Shaanxi Automobile Group Co., Ltd.	1968	Xi'an, Shaanxi
Inter-State Automobile Company	1909	Muncie, Indiana
Pathfinder Company	1912	Columbus, Georgia|Columbus, GA
Turn 10 Studios	2001	 Brisbane
S.C.A.T.&lt;br&gt;Società Ceirano Automobili Torino	1906	San Mateo, California
Royal Enfield|	1955	York, Pennsylvania
Ford India Private Limited	1995	
General Motors India Private Limited	1995	
Anhui Jianghuai Automobile Co., Ltd.	1964	Hefei, Anhui
Hoshino Impul	1980	Hong Kong 
Mercedes-Benz	1926	Stuttgart
Wildfire	| foundation       = &lt;!-- {{Start date|YYYY|MM|DD}} --&gt;
	Steubenville, Ohio
Jaguar Land Rover Automotive PLC &lt;!-- DO NOT CHANGE! Name changed to &quot;Jaguar Land Rover Automotive PLC&quot; on 28 December 2012; see Companies House, Company No 06477691 for further details. --&gt;	2008	Whitley, Coventry
Premier Cycle Co	1908	Wilmington, Massachusetts
ABC Motors Ltd	1919	
Gueudet	1880	Amiens
Beijing Automobile Works Co., Ltd.	1953	Chaoyang District, Beijing|Chaoyang, Beijing
Crow-Elkhart Motor Company	1909	 Sunnyvale, California|Sunnyvale, California |
	1906	Puteaux, France
Fiat Automobiles S.p.A.	1899	 Turin
Zero Motorcycles, Inc.	2006	Scotts Valley, California|Scotts Valley, California
[[Image:Dax logo.png|100px]]	1968	Harlow|Harlow, Essex
Raw Striker Ltd.	1999	Herefordshire
      <model>wikitext</model>
	2005	Shenzhen, Guangdong
	1979	Crediton, Devon
Porsche Holding GmbH	1949	
Tecnologia Automotiva Catarinense S/A	2004	London, England
Parkside Media	1990	Metropolitan Denver
Aviation Industry Corporation of China	2008	Little Neck, NY, &lt;br /&gt;New York City, New York
General Motors South Africa	1913	Port Elizabeth
PGO Automobiles SA	1985	Saint-Christol-lès-Alès
Kombat Armouring	1985	Peterborough, ON
Mando Corporation	1962	Seongnam, Gyeonggi-do
Imperial Automobile Company	1908	Jackson, Michigan
Carbon Motors Corporation	2003	Connersville, Indiana
Demon Tweeks	| foundation       = 
	Wrexham
APR, LLC.	| foundation       =
	Walthamstow, London
Adcole Corporation..	1957	Marlborough, Massachusetts
Lee Equity Partners|	2006	Zagreb
Nidec Corporation	1973	Denver, Colorado
Tata AIG General Insurance Company Limited	2001	Pune
Jackson Automobile Company	1903	Jackson, Michigan 
Autolink AS	| foundation       = 
	Drammen
Motorships AS	| foundation       = 
	Drammen
AGV Sports Group	1985	Frederick, Maryland
Shihlin Electric |	1955	Taipei |
Continental Motors Company	1905	San Francisco
DR Motor Company S.p.A.	2006	Tianjin
Shijiazhuang Shuanghuan Automobile Co., Ltd.  	1988	Shijiazhuang, Hebei
Formula Racing Development Ltd.	1997	Hong Kong, Zhuhai, Shanghai
[[File:The Automobile Association of South Africa logo tagline.gif|220px]]	1930	Ramallah|
Koreatomy Automobile Parts Industries Company	1988	Paris
Kraco Enterprises	1954	Herne, Germany|Herne
AutoForm Engineering GmbH	1995	Wilen b. Wollerau, Schweiz
Škoda Auto India Private Limited	2001	Aurangabad, Maharashtra|Aurangabad, Maharashtra
Grupo Industrial Ramirez	1946	 Daun, Germany|Daun
 Dover Motorsports Incorporated|	2004	 New York City
Flanders Automobile Company  	1910	St. Catharines, Ontario
Fabryka Samochodów Małolitrażowych	1971	Engelsbrand
Balkan	1957	National Motorcycle Works
ESO	1949	Divišov
Mission Motors	2007	Gladstone, Queensland|Gladstone
Rolland-Pilain	1905	Toronto
	2007	Tehran
Gima	1947	
IBC Vehicles Limited	1905	Centerville, Massachusetts
 Birchwood Automotive Group	| foundation       =  
	Winnipeg
Pigeon |	1978	Barcelona, Spain
[[File:BAIC Group logo.jpg|250px]]	1958	Beijing
Coda Automotive Inc.	2009	Sycamore, Illinois
G-Force Technologies	1991	Braselton, Georgia
Multimatic Motorsports	1992	Santa Fe, New Mexico|Santa Fe, New Mexico 
Framo-Werke GmbH	1923	
Ford TeamRS	1963	Dunton Wayletts|Dunton
MG Motor UK Limited	2006	Longbridge, Birmingham
Kuozui Motors, Ltd.	1984	Brooklyn, New York
Subaru	1953	Toronto
Genteq	1955	Fort Wayne, Indiana
 Master Motor Corporation Ltd.	| foundation  =  
	Cambridge, Massachusetts
Davis Motorcar Company	1947	Van Nuys, California
Luxgen Motor Co., Ltd.&lt;br /&gt;納智捷汽車股份有限公司	2009	Saskatoon, Saskatchewan
Volkswagen Group India	2001	Los Angeles, CA
Arctic S.A.	1968	Milton Keynes
Dissolved	1988	Saint Petersburg|St. Petersburg
Nissan Motor India Pvt Ltd	2005	Los Angeles, CA
Electronic Data Systems (EDS)	1962	Plano, Texas
Motors Liquidation Company	| foundation       = [[Flint, Michigan]] &lt;!-- ({{Start date|YYYY|MM|DD}}) --&gt;
	
Neobus	2000	Privrednikova Street 20, Novi Sad
Sigdo Koppers S.A. |	1960	Munich
Fabbrica Italiana Automobili Legnano	1906	Hawthorne, New Jersey
[[File:Fpt logo.gif]]	2012	Riyadh
Mitchell Motor Car Company	1903	Racine, Wisconsin
Bought out	1976	New York, New York
Hyundai Motor India Ltd	1996	Originally Boalsburg, Pennsylvania;&lt;ref name=&quot;thr1&quot;&gt;{{cite web|url=http://www.hollywoodreporter.com/hr/search/article_display.jsp?vnu_content_id=1001737825|title=Actress Argentina Brunetti, 98|date=December 27, 2005|publisher=The Hollywood Reporter|accessdate=2009-10-16}}&lt;/ref&gt; now Albany, Georgia and Duncan, Oklahoma
Opel India Pvt Ltd	1996	Halol &lt;small&gt;(Registered Office)&lt;/small&gt;, &lt;br&gt;Gurgaon &lt;small&gt;(Marketing Office)&lt;/small&gt;
&lt;br /&gt;Chevrolet Sales India Private Limited	2003	Halol &lt;small&gt;(Registered Office)&lt;/small&gt;, &lt;br&gt;Gurgaon &lt;small&gt;(Marketing Office)&lt;/small&gt;
Temperino	1906	Halol &lt;small&gt;(Registered Office)&lt;/small&gt;, &lt;br&gt;Gurgaon &lt;small&gt;(Marketing Office)&lt;/small&gt;
Bright Automotive	2008	Singhbhum
Halfords Autocentre	2001	Redditch
Anhui Ankai Automobile Co., Ltd.&lt;br&gt;([[doing business as|trading as]] Ankai)	1997	Hefei, Anhui
Willys-Overland Motors	1908	Toledo, Ohio
TMC Automobiles |	  foundation     = |
	Headquarters in Austin, Texas
Taganrog Automobile Factory	1997	Stratford Upon Avon, Warwickshire
Aquila Cars Aps	2005	Gram
TVS Scooty	1994	Chennai
ACDelco	1916	 Grand Blanc, Michigan|Grand Blanc, Michigan
Guangqi Honda Automobile Co., Ltd.	1998	Guangzhou
Automobile Products of India (API)	1949	
JSC Renault Russia	1998	Paris
SimCraft	1998	Marietta, Georgia
Turcat-Méry|	1899	Marietta, Georgia
Fenix Automotive	2009	Ploiești
Sigma Motors Limited	1994	Islamabad
Volkswagen India Pvt Ltd	2007	Islamabad
Mahindra Renault Limited	2007	 New York
Spyker N.V.	1999	Miami, Florida, United States|U.S.
Ram Trucks	1981	Auburn Hills, Michigan, USA &lt;small&gt;Administration, Research &amp; Design&lt;/small&gt;&lt;br&gt;Saltillo, Coahuila, Mexico &lt;small&gt;Production &amp; Engineering&lt;/small&gt;
Aftab Automobiles Limited	1982	Hong Kong
Marussia Motors	2007	
Beijing Hyundai Motor Co., Ltd.	2002	Beijing
Riich	1988	Wuhu City|Wuhu, Anhui
Reading Steamer	1901	London, England
Christian Pedersen}}'''OneLogin, Inc.''' is the developer of the service OneLogin, which provides [[single sign-on]] and [[identity management]] for [[Cloud application|cloud-based applications]]. OneLogin focuses primarily on companies that operate in the cloud and integrates with cloud apps using [[Security Assertion Markup Language|SAML]], [[WS-Federation]], [[OpenID]] and web services integration.  The company's cloud-based IAM market now includes 700 enterprise customers in 35 countries, including [[American Automobile Association|AAA]], [[Gensler]], [[Netflix]], [[News International]], [[Pandora Radio|Pandora]], [[Steelcase]] and [[PBS]].  
	1997	
Zotye International Automobile Trading Co., Ltd.	2005	Zhejiang
Dongfeng Motor Corporation	1969	Wuhan, Hubei
Aurica Motors, LLC	2010	Hangzhou, Zhejiang
Egyptian German Automotive Company&lt;br/&gt;الشركة المصرية الألمانية للسيارات	1996	6th of October City
Li-ion Motors Corp.	2000	 Brno, Czech Republic
Bavarian Auto Group&lt;br/&gt; المجموعة البافارية للسيارات 	2003	Cairo
&lt;br /&gt;Renault India Pvt Ltd	2005	Mumbai
Renault Nissan Automotive India Private Limited	2010	Lansdowne, Virginia|Lansdowne, Virginia
The Rauch &amp; Lang Carriage Company 	1905	Cleveland, Ohio
Guangzhou Automobile Industry Group Company Limited	2000	Guangzhou, Guangdong
Fiat India Automobiles Ltd	1997	 Houston, Texas
9ff Engineering GmbH	2001	Springfield Township, Delaware County, Pennsylvania
Xinkai Automobile Group Co., Ltd.   	1984	Gaobeidian, Hebei
Qingdao SOAR Automotive Group, Ltd.&lt;br&gt;青岛索尔汽车集团	1991	Qingdao, Shandong
Ghabbour Group&lt;br/&gt;مجموعة غبور	1960	Cairo
Zhejiang Gonow Auto Co., Ltd.	2003	Taizhou, Zhejiang|Taizhou
Zhejiang Jonway Automobile Co., Ltd.	2005	Taizhou, Zhejiang|Taizhou, Zhejiang
GAC Toyota Motor Co., Ltd.	2004	Guangzhou
LeBlond Aircraft Engine Corporation	1928	
Honda of the UK Manufacturing Ltd.	1985	Swindon
Baojun 宝骏汽车	2010	Tokyo&lt;br&gt;Idaho&lt;br&gt;Boston&lt;br&gt;London                               
GM Uzbekistan	2008	Asaka, Uzbekistan|Asaka
Rainier Motor Car Company	1905	Flushing, Queens|Flushing, New York City|New York  
Evans Tuning, LLC. |	2004	Mount Bethel, Pennsylvania |
H. A. Moyer, Maker of Fine Carriages and Automobiles	1908	Syracuse, New York
Just Marketing International	1995	Dnipropetrovsk
Steel and Industrial Forgings Ltd	1986	Athani, Thrissur|Athani, Thrissur, Kerala
Della Ferrera Motors Ltd	1909	Montreal, Quebec
Century Motor Vehicle Company	1899	Syracuse, New York
Brennan Motor Manufacturing Company	1897	Syracuse, New York
Stearns Steam Carriage Company	1901	Syracuse, New York|Syracuse, Onondaga County, New York
Iroquois Motor Car Company	1903	Syracuse, New York, &lt;br&gt; later moved to Seneca Falls (village), New York|Seneca Falls, New York
Colburn Automobile Company	1906	Denver Colorado
Fujian Benz Automotive Co., Ltd.&lt;br/&gt;建奔驰（福建戴姆勒）汽车工业有限公司	2007	Fuzhou|Fúzhōu
CMC Motors Group Limited	1912	Nairobi
China Youngman Automobile Group Co., Ltd.&lt;br&gt;([[doing business as|trading as]] Youngman)	2001	Jinhua, Zhejiang
General Motors Egypt S.A.E.&lt;br/&gt;جنرال موتورز مصر	1983	Maadi, Cairo
The Co-operative Motor Group	1991	
 Asia Racing Team 	2003	Zhuhai International Circuit, Guangdong Province, People's Republic of China
Tara International	| foundation = 
	Sisimiut
Chase Motor Truck Company	1907	Syracuse, New York
Hyundai Assan Otomotiv San ve Tic.	1994	Istanbul
Turnbull Engineering Ltd.	|  foundation     = 
	3 Shamrock Court, Toowoomba QLD 4350 
Central Motor Co., Ltd.&lt;br/&gt;セントラル自動車株式会社	1950	Ōhira, Miyagi&lt;ref name=profile&gt;{{cite web |url=http://www.toyota-ej.co.jp/english/company/profile.html |title=Corporate Profile |publisher=Toyota Motor East Japan Inc. |location=Japan |accessdate=2013-05-26}}&lt;/ref&gt;|location_country  = Japan
Corre La Licorne	1901	Ōhira, Miyagi&lt;ref name=profile&gt;{{cite web |url=http://www.toyota-ej.co.jp/english/company/profile.html |title=Corporate Profile |publisher=Toyota Motor East Japan Inc. |location=Japan |accessdate=2013-05-26}}&lt;/ref&gt;|location_country  = Japan
El Car Igescu S.N.C.	2003	 Monterrey
Audi Senna Ltda.	1993	São José dos Pinhais, Curitiba
Shinjin Motors	1954	Brockway, Pennsylvania|Brockway, Pennsylvania (U.S. state)|Pennsylvania |
Casa de Cadillac	1949	Sherman Oaks, California
Nippon Light Metal Holdings Co., Ltd.	|foundation = 
	Nagoya
Marathon Motors Engineering, Plc.	2009	Addis Abeba
Roock Racing GmbH|	1984	Benevento
FAW Haima Automobile Co., Ltd.	1992	Haikou, Hainan
Tata Marcopolo Motors Ltd.	2008	Dharwad
Audi Motor Assembly K.K.	1987	Tokyo
E. C. Stearns &amp; Company	1864	Syracuse, New York|Syracuse, Onondaga County, New York
H. H. Franklin Manufacturing Company	1893	Syracuse, New York|Syracuse, Onondaga County, New York
AutoCanada Inc.	1976	Beijing
Ford Motor Company	1903	Dearborn, Michigan
Chaudhary Group	1970	Chaudhary Groups, Kathmandu
ETAS Group	1994	Stuttgart, Germany
Rongcheng HawTai Automobile Co., Ltd.	2000	Greenville, South Carolina
Bajaj Group	1926	Pune, Maharashtra&lt;ref&gt;{{cite web|url=http://www.bajajelectricals.com/branch.aspx |title=Bajaj Offices |publisher=Bajajelectricals.com |date= |accessdate=2011-01-28}}&lt;/ref&gt;
Kleenspeed Technologies Inc. 	2007	7 World Trade Center&lt;br&gt;New York City
Bharat Bijlee Ltd.	1946	Sydney (Australia)|New South Wales, Australia
Mobius Motors	2009	Nairobi
Lambretta	1947	Reykjavík
Automobile Products of India / Scooters India Ltd	1972	Bombay / Lucknow
Automobiles Darracq S.A.	1896	
Zyle Daewoo Bus Corporation 	1955	Hong Kong |
Ganja Auto Plant	1986	Ganja
NIRA Dynamics AB	2001	RAF Cardington
Nexteer Automotive	2009	Saginaw, Michigan
Commission It Ltd.	2003	London
Chrome Specialties	1984	
Industries Mécaniques Maghrébines	1982	Kairouan
Pacific Century Motors	2010	
Prestolite Electric Inc.	1911	Plymouth, Michigan
Renault–Nissan Alliance	1999	Seal Beach, California
	| foundation       = &lt;!-- {{Start date|YYYY|MM|DD}} --&gt;
	Minsk
Sheridan Motors	1920	Christchurch
Toyota Motor Manufacturing France	1998	Cherry Hill, New Jersey|Cherry Hill, New Jersey
Naspers Centre | native_name         =  | native_name_lang    =  | former_names        =  | alternate_names     = Media24...'&lt;/nowiki&gt;}}	2011	Berlin
L-3 communications, Electron Technologies, Inc.	1967	Torrance, California
Steyr Motors GmbH	2001	Steyr Austria
Kanto Auto Works&lt;br /&gt; 関東自動車工業	1946	Yokosuka, Kanagawa
Radical Performance Engines (RPE)	| foundation = 
	Peterborough
Deere-Clark Motor Car Company	1906	Moline, Illinois
Opel Wien GmbH	1982	Moline, Illinois
Compagnie des Autos et Cycles Hurtu	1896	Albert, Somme
Eterniti Motors Limited	2010	Le Locle
Oscar Lear Automobile Company	1904	Columbus, Ohio, Springfield, Ohio 
Walker Motor Car Company	1905	Detroit, Michigan 
The Logan Construction Company	1903	Chillicothe, Ohio 
Soules Motor Car Company	1905	Grand Rapids, Michigan 
Forest City Motor Car Company	1905	Massillon, Ohio 
Pierce Engine Company	1904	Racine, Wisconsin 
Cleveland Motor Car Company	1904	Cleveland, Ohio 
Bayerische Motoren Werke México S.A. de C.V.	1994	Schladming, Austria
The Upton Motor Company	1904	Lebanon, Pennsylvania 
Moore Automobile Company	1906	New York City 
Ward Electric &lt;br /&gt;Automobile Company	| foundation       = &lt;!-- {{Start date|YYYY|MM|DD}} --&gt;
	New York City|New York
Leece-Neville	1909	Arcade, New York
GM Vietnam Motor Company	1993	Thanh Trì, Hanoi
GSSG	1994	Iver Heath, Buckinghamshire
Great Southern Automobile Company	1909	Birmingham, Alabama
Fairmont Railway Motors	1909	New York, NY
Delta Motor Corporation	1962	Manila
Nanjing Fiat Automobile Co., Ltd.&lt;br&gt;南京菲亚特汽车有限公司	1999	Nanjing
Menasco Motors Company	1928	London
Qoros Auto Co., Ltd.	2007	Changshu
	 | foundation       = 
	Giavera del Montello
Arrinera Automotive S.A.	|foundation       =
	 Warsaw
Binz GmbH &amp; Co. KG &amp; BINZ Ambulance- und Umwelttechnik GmbH	1936	Lorch (Württemberg)|Lorch &amp; Ilmenau (Thüringen)|Ilmenau
Sipani Automobiles Ltd	1970	Domohani
Shenzhen BYD Daimler New Technology Co., Ltd.&lt;br&gt;([[doing business as|trading as]] Denza)	2010	Shenzhen, Guangdong
VIA Motors, Inc.	2010	Cerritos, California
Ford Romania	1976	Jena
Oltcit S.A.	1976	Jena
Opel Eisenach GmbH	1990	Balasore|Balasore, Odisha
Opel Special Vehicles GmbH	2000	Balasore|Balasore, Odisha
Revitalizing Auto Communities Environmental Response Trust	2011	
Bryansk Automobile Plant&lt;br&gt;Брянский автомоби́льный заво́д	1958	
GAC Fiat Automobiles Co., Ltd. 	2010	Changsha
Monte Carlo Automobile	1983	Corcelles Les Cîteaux
Eurostar Automobilwerk	1990	Istanbul
CFAO Ghana	1909	CFAO Building House No. 6, Otublohum Road Industrial Area, Accra, Greater Accra Region|Greater Accra, Ghana
Powermat 	2006	Dallas, Texas
[[Image:Mojo Motors PNG Logo.png|275px|Mojo Motors, Inc.]]	2011	
	1997	Dallas, Texas
	1999	Dallas, Texas
National Electric Vehicle Sweden AB	2012	Trollhättan
Lit Motors Inc.	2010	Seattle, Washington
AudioGaming	2009	 Toulouse, France
Mahindra Two Wheelers	| foundation       = &lt;!-- City, Country ({{Start date|YYYY|MM|DD}}) --&gt;
	Pune
[[File:AMUR Logo.jpg|220px|logo]]	1967	Dubai
[[File:Goodearth-logo.jpg|center|150px|Goodearth Logo]]	1996	Gurgaon
Canadian Electric Vehicles&lt;br /&gt; {{lang|fr|Véhicules électriques canadiens}}	1996	Errington, British Columbia
CAA South Central Ontario	 |foundation = 
	Richmond, BC
IFR Automotive, S.L.	2003	Reus
Tata Motors Cars	| foundation     = 
	London
Walton Hi-Tech Industries Limited Bangladesh	1977	Gush Etzion
Dennis Company.	1895	Guildford, Surrey|Guildford
Leach-Biltwell Motor Company	1919	Los Angeles, California
Derby	1921	Courbevoie, Hauts-de-Seine|Seine
BMW Brilliance Automotive Ltd.&lt;br&gt;华晨宝马汽车有限公司	2003	Shenyang, Liaoning
Stallion Bus and Transit Corp.	2006	New York
Guangzhou Automobile Group Bus	2008	Guangzhou
Automobiles Rally	1921	Princeton, New Jersey|Princeton, Beijing
Rimac Automobili	2009	Marseille
	1997	Qingdao, Shandong, People's Republic of China
Chicago Motorsports Council	2006	Chicago, Illinois
Cruden B.V.	2007	Bloomington, Illinois
Litex Motors	2008	Peterborough
Elio Motors	2008	Phoenix, Arizona
Guangdong Foday Automobile Co., Ltd.&lt;br&gt;([[doing business as|trading as]] Foday)	1988	Guangdong
Mudan Auto	1998	 Zhangjiagang, Jiangsu
Wuzhoulong Motors	2000	Shenzhen
Chery Jaguar Land Rover Automotive Company Ltd.	2012	Changshu, Jiangsu
FAW-GM Light Duty Commercial Vehicle	2009	Changchun
Autonet Group|	1996	Portland, OR 
Yangzijiang Dongfeng Automobile (Wuhan) Co., Ltd.&lt;br&gt;([[doing business as|trading as]] Dongfeng Yangtse)	2004	Wuhan, Hubei
[[File:YEMA Auto logo.jpg]]	1994	Chengdu, Sichuan, People's Republic of China
Liuzhou Wuling Automobile Industry Co., Ltd.&lt;br&gt;([[Doing business as|trading as]] Wuling Motors)	2007	Liuzhou, Guangxi
Fujian Motors Group	1992	Fujian Province
      <model>wikitext</model>
	2012	 Dubai
Atlas Automobile Company	1906	 Los Angeles, California
Atlas Motor Car Company	1907	 Los Angeles, California
Lishan Bus (Xi’an Lishan Automobile Factory)	1929	Xi'an, Shaanxi Province
American Expedition Vehicles	1997	Missoula, Montana|Missoula, Montana
GTA Motor	| foundation       =
	Valencia
Société Parisienne	1876	Paris
Solana	1936	Floriana
Almazora Motors Corporation	1925	Ditzingen
Société des Automobiles Bellanger Frères	1912	San Francisco, California|
Établissements Industriels J. Bignan	1918	
Dongfeng Yulon Motor Co., Ltd.	2010	Hangzhou, Zhejiang
Belga Rise	| foundation       = &lt;!-- City, Country ({{Start date|YYYY|MM|DD}}) --&gt;
	
Kandi Technologies Group, Inc.	| foundation       = 
	Jinhua, Zhejiang
Nissan Motor Philippines	1982	Vancouver
Marbais and Lasnier	1906	France
Sarao Motors, Inc.	1953	Brgy. Pulang Lupa, Las Piñas
GM Powertrain Poland	1996	15015 Avenue of Science, San Diego, California
Ziyang Nanjun Automobile Co., Ltd.	1958	Ziyang, Sichuan
[[File:Yarovit Motors.png|175px]]|	2003	Ziyang, Sichuan
Rane (Madras) Limited	2004	Chennai
Toyota Motor Thailand Co.,Ltd. (TMT)&lt;ref&gt;{{cite web|url=http://www.toyota.co.th/en/about.php?page=detail2|title=company profile|publisher=http://www.toyota.co.th}}&lt;/ref&gt;	1962	Letchworth Garden City Hertfordshire
Dave Smith Motors	1965	Kellogg, Idaho, USA 
Clements Worldwide	1919	Washington D.C.
Covisint	2000	Melbourne, Victoria (Australia)|Victoria
Carvana	2013	Phoenix, Arizona|Phoenix, Arizona
Nakhchivan Automobile Plant	2006	Nakhchivan (city)|Nakhchivan
Hyundai Motor America	1986	Fountain Valley, California
WORK Wheels	1977	St. Gallen
Ghani Group 	1963	St. Gallen
Hyatt Roller Bearing Company	1892	
Worthington Automobile Company	1904	
Nasim Sdn Bhd 	1997	Shah Alam
Toyota (GB) PLC	1965	Burgh Heath, Surrey
Propulsion Universelle et Recuperation d'Energie	2011	Villars-sur-Ollon
Tickford vehicle Engineering	1991	Los Angeles
Ford Tickford Experience 	1999	Los Angeles
Assetline	2008	Sydney
Parveen Group	1967	

	1951	Frankfort, Michigan|Frankfort
Sovam 	1930	Ludwigsburg
Ateliers d’Automobiles et d’Aviation	1919	Dalian, Liaoning
Automobiles Stabilia 	1907	Cheshire
West Race Cars, LLC	2007	Buford, Georgia
SAP	1902	 Palo Alto, California
Sizaire Frères 	1920	Paris, France&lt;br&gt;Budapest, Hungary
Fluid Motorsport Development	2004	Sudbury, Suffolk
British Vehicle Rental and Leasing Association (BVRLA)	1967	Sudbury, Suffolk
Barré	1899	Liberty, South Carolina
Darmont	1919	Courbevoie
Automobiles Robert Serf	1925	Colombey-les-Belles, France (till 1935)&lt;br&gt;Nancy, France|Nancy-Vendeuvre France(from 1935)
Fiat Chrysler Automobiles N.V.	2014	London, UK (operations), and Amsterdam, Netherlands (legal domicile)
Sénéchal et Cie.	1921	Courbevoie, France
Automobiles J. Suère	1905	12th arrondissement of Paris, France
Sima Violet	1924	Courbevoie, France
Walton Hi-Tech Industries Limited 	1977	Baku
 Benjamin (1921-1927)&lt;br&gt;Benova (1927-1929)	1921	Asnières-sur-Seine|Asnières, France&lt;br&gt;Gennevilliers, France
David Brown Automotive Limited	2013	Coventry
Day-Elder Motors Corporation	1918	Irvington, New Jersey
 Galba	1929	Courbevoie
Maxim Motors	1910	Middleborough, Massachusetts|Middleborough, Mass.
 Société des Automobiles Villard	1925	Janville, Oise|Janville
 Société anonyme des automobiles Th. Schneider	1910	Besançon
 Vernandi	1928	
 Établissements V. Vermorel	1850	Villefranche-sur-Saône
 Tuar	1913	Thouars
 Automobiles Zeiller &amp; Fournier	1920	Levallois-Perret
 Vinot-Deguingand	1898	Puteaux (1898-1926)&lt;br&gt;Nanterre (1919-1926
Société des Nouveaux Ateliers A. Deguingand	1927	Puteaux, France
D'Yrsan	1923	Asnières-sur-Seine|Asnières
 Majola	1908	initially Saint-Denis (Seine-Saint-Denis)|Saint-Denis&lt;br&gt;subsequently Chatou&lt;br&gt;France
Sonalika Group	1969	initially Saint-Denis (Seine-Saint-Denis)|Saint-Denis&lt;br&gt;subsequently Chatou&lt;br&gt;France
 Lombard	1927	Puteaux
Stallion Bus and Transit Corp.	2012	New Jersey
 Automobiles Louis Chenard	1920	Colombes
 Maximag	1923	Carouge, Geneva, Switzerland&lt;br&gt;Lyon, France
 Automobiles Messier	1925	Montrouge, Paris
 Établissements Monotrace S.A.	1924	Courbevoie, Paris
 Octo	1921	Courbevoie
 Oméga-Six	1922	Boulogne-Billancourt
Standard Motor Products, Inc.	1919	Long Island City, New York|Long Island City, New York
 Société Bel Motors	1976	Les Sables-d'Olonne
 Société Seve-Cedre (1975–1979)&lt;br&gt;Cedre SARL (1979–1987)	1975	Montesquieu-Volvestre
Ford Vietnam	1995	Hà Nội
Société de Véhicules Automobiles de Batilly SNC	1980	Batilly, Meurthe-et-Moselle|Batilly 
 F.L.A.G.&lt;br&gt;Fabbrica Ligure Automobili Genova	1905	 Tehran 
S.T.A.R., ''Rapid'' &lt;br&gt;Società Torinese Automobili Rapid	1904	Turin 
Fratelli Ceirano	1901	Turin 
Wilson-Pilcher	1901	Santa Clara, CA
Gooding &amp; Company	2003	
Russo and Steele Collector Automobile Auctions	2001	Phoenix, Arizona
Schmiedmann 	1996	Odense
Toyota Motor East Japan, Inc.	2008	Ōhira, Miyagi
Vencer	1875	London
Maubeuge Construction Automobile SNC	1969	Maubeuge
	1998	Denver, North Carolina
Avtokam	1989	Berlin
Kansas City Motor Car Company	1905	Kansas City, Missouri
The Caps Brothers Manufacturing Company	1905	Kansas City, Kansas
The Wonder Motor Car Company	1909	Kansas City, Missouri
Severin Motor Car Company	1920	Kansas City, Kansas
Bay State Auto Company&lt;br&gt;later R. H. Long Motors Company	|foundation       = 
	Boston, MA
Space Engine Systems Inc.	2012	San Diego 
Rossi GearMotors	1953	Sydney
	1969	Albuquerque, New Mexico
Isuzu Commercial Truck of America, Inc.	1984	Anaheim, CA
WALD Co. Ltd.	1990	Takatsuki, Osaka
SAIC Motor UK Technical Centre Limited	2006	London
FCA Italy S.p.A.	2007	
Everlaw, Inc.	1991	Berkeley, California
Peter Vardy Ltd	| foundation =          &lt;!-- [if known: {{start date|YYYY|MM|DD}} in [city], [country] --&gt;
	Glasgow
Dongfeng Renault Automobile Company	1993	Wuhan, China|Wuhan
Agni Motors	2000	
PAS Inc.	2005	Troy, Michigan&lt;br&gt;Van Nuys, California
Sakthi Group	1931	
Balkrishna Industries Limited 	1987	Bowie, Maryland
[[File:Jiangxi Isuzu Logo.png]]	2013	Nanchang, Jiangxi, China
BRP Inc.	1942	
W.F. Stewart Company	1881	Flint, Michigan
 YASA Motors Ltd.	2009	Milton Park, Oxfordshire
